row_index,y_true,y_pred
12923,1,1
5357,1,1
8887,1,1
8197,1,1
12388,1,0
14587,1,0
3461,1,1
15864,1,1
10302,0,1
18680,1,0
2279,1,0
2621,1,1
15332,1,1
9281,0,0
17254,1,1
17867,1,0
911,1,1
13253,1,1
9642,1,1
4058,1,0
7388,1,1
2319,0,1
19314,1,1
7755,1,0
10971,1,1
13004,0,0
13146,1,1
9956,1,1
14584,1,1
5885,1,1
2519,1,1
10686,0,0
6356,1,1
7201,1,1
6886,0,1
8894,1,1
12326,1,0
11754,1,1
9979,1,1
6165,1,1
13350,1,0
9388,1,1
1443,0,0
18715,1,1
14559,1,1
5742,1,1
19212,1,1
257,1,1
326,0,1
5746,1,1
10339,1,1
5225,0,0
4525,0,1
5826,0,1
9788,1,1
17630,0,0
9612,1,1
18349,1,1
5575,1,1
3769,0,0
18314,1,1
7591,0,1
8609,1,1
3995,1,0
7362,0,1
736,0,0
1624,0,0
17743,1,1
5736,1,1
4281,1,1
12589,1,1
8598,1,0
4347,1,1
3204,0,0
17355,1,1
6388,1,1
8404,1,1
8151,1,1
17437,1,0
16101,1,1
3526,1,1
5834,1,0
4832,1,1
10668,1,1
6052,0,0
13175,1,1
12488,1,1
2360,1,1
4037,1,1
13728,1,1
7008,0,1
19014,0,0
14967,0,1
10438,1,1
11484,1,1
6988,1,1
16312,1,1
15851,1,1
11494,1,1
15322,1,1
15176,0,0
12674,1,1
12495,1,1
6369,0,0
3341,1,1
14597,1,1
3429,1,1
3721,1,1
10355,1,1
10768,1,1
11482,0,0
4032,0,0
15816,1,1
2214,0,1
18324,1,0
2614,0,1
8445,1,1
5094,1,1
11060,1,1
12087,0,1
2767,1,1
6270,0,0
5020,0,1
5996,0,0
9782,1,1
10566,1,1
5963,1,1
1905,0,1
13094,0,1
2879,1,1
5922,1,1
15734,0,0
14973,1,1
3200,1,1
3609,1,1
4265,0,1
2864,0,1
1147,1,1
1397,1,0
2988,0,0
14393,1,0
14815,1,1
10749,1,1
1815,0,1
16651,1,1
2495,1,1
9915,0,1
115,0,0
344,1,1
322,1,1
9872,1,0
16137,1,1
16644,0,0
18787,0,0
4475,0,1
1084,1,1
12529,0,0
18276,1,1
17770,1,0
5610,1,1
2609,0,1
4318,0,1
7791,0,1
12732,0,0
7305,1,1
2534,1,1
6405,1,1
9622,1,1
12808,1,1
6580,1,1
2388,1,1
15027,0,0
18397,1,1
16445,0,0
2571,0,0
12959,0,0
200,1,1
10074,1,1
18147,0,0
11888,1,1
12756,0,0
3421,0,0
218,1,1
438,0,0
12016,1,1
12328,1,1
2325,0,0
8346,1,1
2085,1,1
19216,0,0
12424,0,1
18594,1,1
13846,1,1
6729,0,0
1530,1,1
16104,1,1
12380,1,1
2678,0,0
1869,1,1
7836,0,1
12284,0,0
5632,1,1
8502,1,1
14407,0,1
1512,1,1
4660,1,1
12892,1,1
12671,0,0
16883,0,0
15012,1,1
6434,1,1
8539,0,0
18831,1,1
13872,0,0
3335,0,1
2129,1,1
18704,1,1
2312,0,0
8909,1,1
10325,1,1
9897,1,1
2559,0,1
18097,1,1
16801,1,1
9408,0,0
7225,0,0
1599,1,1
10033,0,1
4577,0,1
11186,1,1
4509,1,1
928,1,1
3482,1,1
11203,1,1
4371,1,1
5348,1,1
16515,1,0
18988,1,1
2641,1,1
13125,1,1
3725,0,0
17995,0,1
10433,0,0
11508,1,1
14195,0,1
18734,1,1
4049,1,1
210,0,1
16174,1,1
11794,1,1
14798,0,1
11731,0,1
3502,1,1
7586,1,1
2136,1,1
11335,1,1
9224,0,1
16262,1,1
10158,0,0
18806,0,1
341,1,1
9362,0,1
9536,1,1
11341,1,1
15303,1,0
7328,0,0
16123,1,0
878,1,1
3920,0,0
15343,1,1
10909,1,0
13485,1,1
13139,1,1
7086,0,0
13289,1,1
2300,1,1
4488,1,1
18761,1,1
15673,1,1
14107,1,1
17121,1,1
16775,0,0
15391,1,1
1712,0,0
5857,0,1
4269,1,1
14043,0,0
13057,1,1
15972,1,0
3334,1,0
16574,0,0
15739,1,1
18673,0,0
16932,1,1
10426,1,1
13568,1,1
14268,1,1
7335,1,1
12183,1,1
16085,0,0
718,1,1
5115,0,0
1554,1,1
2444,1,1
3739,0,0
12564,0,1
1383,1,1
1144,1,1
1456,0,0
10086,0,0
7530,1,0
8196,1,1
2034,1,1
4546,1,1
7114,0,0
9566,1,1
15135,1,1
14329,0,0
4170,0,0
11219,1,1
3128,0,1
11727,1,1
8546,1,1
7178,1,1
15132,1,1
13056,1,1
9587,1,1
3,1,1
2937,1,1
16710,0,1
16376,1,0
12596,1,1
738,1,1
5638,1,1
9256,1,1
6137,1,1
17236,1,1
8483,0,0
18863,1,1
14235,1,0
18817,1,1
13270,0,0
13433,1,1
7723,1,1
11249,1,1
12309,1,1
3000,0,1
4097,1,1
9386,0,1
10972,1,1
11788,1,1
5203,0,1
10996,1,1
16049,1,1
6951,1,1
12348,0,0
15078,1,0
13190,0,1
10080,1,1
5566,1,1
7718,0,0
5763,1,1
13632,0,0
6549,1,1
484,0,0
6908,0,0
18000,1,1
11276,1,1
2998,0,1
11661,1,0
6905,1,1
19153,1,1
12156,1,1
6963,0,1
18006,1,1
1297,1,1
466,1,1
15912,1,1
19294,1,1
16266,1,1
385,1,1
2909,1,1
2856,0,1
7976,0,1
2712,0,0
14921,1,1
6467,1,1
7478,0,1
15271,1,1
7582,1,1
3298,0,0
4450,0,0
1290,1,1
8787,0,1
15507,1,1
13882,1,1
5814,0,0
57,1,1
351,1,1
346,0,0
9577,1,1
15401,1,1
16326,1,0
14150,1,1
11486,0,0
6480,1,1
12055,0,1
8078,0,0
11457,1,1
1768,0,0
6766,1,1
10186,1,0
7358,1,1
4980,1,1
11569,1,1
13308,1,1
2408,0,1
103,1,0
14330,1,1
17601,1,1
10495,1,1
6424,1,1
5198,1,1
1429,1,1
9439,1,1
16161,1,0
42,1,1
17666,0,0
16881,0,1
19079,1,1
3047,1,1
14634,1,1
18748,1,1
4731,1,1
9727,1,1
2184,1,1
1453,1,1
14814,1,1
12976,1,0
10343,1,1
9882,1,1
14565,0,1
9070,0,1
7039,1,1
16253,1,0
12211,0,0
6717,1,1
1288,1,1
3488,1,1
13886,0,0
4315,0,1
7762,0,1
4807,1,1
3615,1,1
18889,0,0
17981,1,0
17429,0,1
14666,1,1
18078,1,1
14171,1,0
7669,0,1
6291,1,1
14023,1,1
3886,1,1
10383,0,0
12430,1,0
1034,1,1
18028,1,1
16839,0,0
14360,1,1
1346,1,1
2797,1,1
9730,1,1
1959,1,1
3844,0,0
5252,1,1
16930,1,1
1350,0,0
5028,1,1
12890,0,1
3143,1,1
15914,1,1
8498,1,1
4417,1,1
4548,0,0
18218,1,1
5236,1,1
7569,1,1
2308,1,1
8959,0,0
12243,0,0
5702,1,1
14368,0,1
5282,0,1
18880,1,1
15502,1,1
11911,0,0
15968,1,1
17636,1,1
8680,1,1
15407,1,1
7623,1,1
15049,1,1
4345,0,1
19242,1,1
13105,1,1
17987,1,1
18984,0,0
15591,1,1
313,1,1
7728,1,1
852,1,1
8591,1,1
15498,1,0
3964,0,1
1747,1,1
3405,0,1
12366,1,1
7159,1,1
8975,1,1
16665,1,1
6053,1,1
19012,0,1
251,1,1
7481,0,0
1611,1,1
828,1,0
4119,1,1
14624,1,1
4983,1,1
18965,1,1
4449,0,1
13489,1,1
4344,1,1
2910,1,1
15222,1,1
5764,0,1
7949,1,1
8442,1,1
14211,1,1
15045,1,1
8219,0,0
11642,1,1
9628,1,1
3481,1,1
6279,1,1
16622,0,1
2225,1,1
12791,0,0
15010,1,1
9753,1,1
13768,1,1
2334,1,1
13998,0,0
10483,1,0
971,1,1
2662,1,1
10857,1,1
12982,1,1
960,1,1
1730,1,1
2616,1,1
4972,1,1
17157,1,1
19107,1,1
9203,1,1
1123,1,1
8206,1,1
9360,1,1
5183,1,1
13019,1,1
13324,1,1
4445,1,1
7515,1,1
14208,1,0
17127,1,1
9870,0,1
8406,1,1
14691,1,1
8745,1,1
15932,0,0
8540,1,1
18109,1,1
4724,1,1
11417,1,1
15568,1,1
16543,1,1
16944,1,0
10855,0,0
7721,1,1
4385,1,1
9228,1,1
13252,0,1
10134,0,1
11201,0,0
3528,1,1
13091,1,1
7231,1,0
11141,1,0
5817,1,1
13742,1,1
4489,1,1
11030,1,1
4436,1,1
1153,1,1
4991,1,1
467,0,1
4949,1,1
14532,1,1
4286,0,0
10201,1,1
8050,1,1
1027,1,1
16802,1,1
4828,1,1
18272,1,1
3733,0,0
8780,0,0
3926,0,0
10531,0,0
8081,1,1
15618,0,0
17413,0,0
19145,1,1
18027,0,0
5118,1,1
6602,1,1
19080,1,1
10225,1,0
13014,0,1
4178,0,0
5385,1,1
17681,1,0
4605,0,0
15867,1,0
7767,1,1
3353,1,1
16970,1,0
3798,0,1
7538,1,1
12292,1,1
15934,1,1
379,0,0
14934,1,1
10813,0,0
10387,1,1
6584,1,1
12835,1,1
13697,0,0
6685,1,1
12068,1,1
5992,1,1
18301,1,1
5553,1,1
8227,1,1
12088,1,1
1838,1,1
7926,0,1
17324,0,1
6700,0,1
9226,1,1
7020,1,1
11725,0,1
8356,1,1
5861,1,1
17889,1,1
35,0,1
8831,1,1
10592,0,0
10930,0,0
59,0,1
12951,1,1
5863,0,1
13822,1,1
17192,1,1
4245,0,1
323,1,1
5925,0,0
15033,1,1
14243,1,1
4031,1,1
11550,1,1
7095,1,1
6198,1,0
15987,0,1
13548,0,0
13937,1,1
10512,1,1
14355,1,1
17989,1,1
7460,1,1
12084,0,1
6526,0,1
17789,1,1
14999,0,1
1347,0,0
2250,1,1
5584,1,1
16814,1,1
10692,0,0
18029,1,1
11491,1,1
4902,1,1
5549,1,1
8605,1,1
7193,0,0
11553,1,1
14510,1,1
9974,1,1
17008,1,1
10318,0,0
9331,0,0
5667,1,1
13093,1,1
15427,0,0
980,1,1
18430,1,1
795,1,1
13955,1,1
9465,1,1
18663,1,1
2885,1,1
16313,0,0
10569,1,1
18536,1,1
15768,1,1
9417,1,1
15627,1,1
4609,1,1
14581,1,1
1444,0,0
15422,1,1
11064,1,1
5267,1,1
6072,1,1
8273,1,1
423,1,0
2265,1,1
9040,1,1
9216,1,0
1535,0,0
12701,1,1
2546,0,0
4896,0,1
16798,1,1
2935,1,1
16521,1,1
6723,1,1
10949,1,1
18155,1,1
17217,1,1
12693,1,1
4338,1,1
409,0,1
11917,1,1
14060,1,1
17026,0,0
970,1,1
8995,1,1
19291,1,1
16052,1,1
3268,0,0
6736,1,1
14763,0,0
14055,1,1
7079,1,1
13876,1,1
12683,1,1
12254,1,0
10476,0,0
7519,1,1
11241,1,1
18700,0,0
14414,1,1
5394,0,0
8982,1,1
5597,1,1
11022,1,1
13163,1,1
8918,1,1
12541,0,0
2405,1,1
6791,0,1
1035,0,0
8382,1,1
217,1,1
10600,1,1
9666,1,0
265,0,1
16389,1,1
6177,1,1
18121,1,1
16498,1,1
5489,0,0
15369,0,1
5843,1,1
13070,1,1
4572,1,1
17135,0,1
12414,0,0
8439,1,1
1862,0,1
12575,1,1
11499,1,1
1962,1,1
5915,1,1
10803,1,1
4973,0,1
14866,1,1
9533,1,1
5760,1,1
17383,1,1
7027,0,0
14716,0,1
18633,1,1
8957,1,1
5550,0,1
8248,1,1
15656,0,1
15075,0,0
7662,1,1
9485,0,0
17435,1,1
10148,1,1
13082,1,1
14403,1,1
387,1,1
4303,1,1
1163,1,1
13353,1,1
17675,1,1
424,1,1
8462,1,1
15289,1,1
3698,1,1
8970,0,1
18661,0,0
4193,0,0
5174,1,1
9161,1,1
17485,1,1
2315,1,1
10413,1,1
14560,0,1
11576,0,0
6202,0,0
4788,0,1
13392,0,0
7348,1,1
18907,0,0
9092,1,1
2968,0,1
6345,1,1
10725,1,1
14048,1,0
15650,1,1
18925,1,1
18157,1,0
9877,0,0
8867,1,1
5168,1,1
4010,1,1
17725,0,0
18261,0,0
19181,0,0
17086,1,1
14671,1,1
705,1,1
17193,1,1
5836,0,1
5377,1,1
12836,1,0
6641,1,1
273,1,1
3015,1,1
7774,1,1
13765,1,1
4110,1,1
6417,1,1
15334,1,1
4028,1,1
13012,1,1
3522,1,1
7278,1,1
3472,1,1
5440,0,1
5625,1,1
13763,0,1
6064,0,0
11733,1,1
13559,1,1
7960,1,1
9999,0,1
15604,1,1
15005,0,0
7876,1,1
6510,1,1
9424,0,0
5446,1,1
7950,1,1
9274,1,1
18833,1,1
17868,1,1
3704,0,0
10780,1,0
9241,0,0
3703,0,0
7783,1,1
6244,1,1
16764,1,1
11609,1,1
5129,0,1
5018,1,1
4401,1,1
15352,1,1
11052,1,1
7332,1,1
14283,1,1
15948,1,1
6497,1,1
7122,1,1
2127,1,0
13889,0,1
9359,0,0
13952,0,1
12345,1,1
6141,1,1
936,1,1
4614,0,0
4600,0,1
8486,0,1
12834,1,1
17922,0,0
14065,1,0
9811,1,1
17350,0,0
3077,1,1
19317,0,1
12778,1,0
16928,0,0
9539,1,1
15456,0,0
12049,0,0
3532,1,1
8255,1,1
10393,1,0
8873,1,1
11155,1,0
6627,1,0
18520,0,0
18111,0,0
11253,1,1
18993,0,1
8764,1,1
3746,0,0
1355,1,1
1114,1,1
8302,1,1
9532,0,1
11700,1,1
290,1,1
12195,1,1
17479,0,0
4743,1,1
12200,1,1
7971,1,0
7078,1,1
13916,0,1
14366,1,1
17911,1,1
9050,1,1
13992,1,0
1162,1,1
17994,0,0
8480,0,0
14256,1,1
8662,1,1
4197,0,1
8815,0,1
15471,1,0
7885,0,1
15297,0,0
18735,0,0
14216,0,0
3194,1,1
11410,1,1
17679,1,1
12245,1,0
17964,1,1
13444,1,1
11943,0,0
11363,1,1
9099,1,1
733,0,1
6463,0,0
1052,1,1
18568,1,1
19044,0,0
8799,1,1
5290,0,1
18490,0,1
13357,1,1
5426,1,1
8061,0,0
17389,1,0
16616,1,1
17712,0,1
9238,1,1
12588,1,1
11197,1,1
16332,1,1
18864,1,1
6218,0,1
17343,0,1
14466,1,1
10264,1,1
13339,1,1
7938,1,1
15513,1,1
17143,1,1
12246,1,1
3011,0,1
18731,0,0
5458,0,1
7090,0,0
6051,1,1
15854,1,1
1182,1,1
18504,1,1
18632,1,0
7223,1,1
4501,0,0
11883,0,0
15675,1,1
7749,1,0
4219,0,0
16732,1,1
5465,1,1
10313,1,1
15064,1,1
1911,1,1
3251,0,0
9736,1,1
11777,1,1
977,1,1
15956,0,1
12024,1,1
651,1,1
11202,1,1
1430,0,0
10291,1,1
1901,0,0
3263,1,1
9632,1,1
6223,1,1
14069,0,1
15665,1,1
4706,1,1
4745,1,1
14621,0,1
14461,1,1
12406,1,1
6119,0,1
17960,0,1
4229,0,0
327,1,1
8408,1,1
9095,1,1
17688,1,1
5460,1,1
13917,1,1
10449,1,1
4115,0,0
18379,1,0
13930,0,0
8544,1,1
14059,1,1
9190,1,1
18120,0,1
18890,0,0
12216,1,1
8641,1,1
5948,0,1
169,1,1
6161,1,1
3778,1,1
4954,1,1
6286,0,0
12037,1,1
5928,1,1
3975,0,1
17415,0,1
14050,0,0
4339,1,1
8253,1,1
4342,1,1
18855,1,1
14079,1,1
11522,1,1
12726,1,1
10482,1,1
7520,1,1
8239,1,1
17917,1,0
14177,1,1
19049,1,1
11229,0,0
4069,1,0
14724,1,1
1261,1,1
2386,1,1
2221,1,1
2361,1,1
15628,1,1
3910,1,1
2622,0,1
16752,1,1
15606,0,0
1739,0,0
7684,1,0
1006,0,1
8554,1,1
10335,1,1
15543,1,1
13887,1,0
9363,0,1
12313,1,1
8848,1,0
5852,1,1
8123,1,1
3106,0,1
15678,1,1
10522,1,1
14907,0,1
3617,0,0
13927,1,1
7947,0,1
16548,0,1
7922,0,0
17552,0,0
15630,0,1
15061,1,0
15137,1,1
18998,0,0
18100,1,0
16008,0,0
3930,1,0
4291,1,1
4985,1,1
15110,1,1
16760,1,1
1272,1,1
5513,1,1
10281,1,1
13790,1,1
2948,1,1
9005,1,1
9757,1,1
14472,0,0
6,1,1
8274,1,1
7069,1,0
7617,1,1
6423,1,1
8351,0,0
247,1,1
1510,1,1
18677,1,1
9561,1,1
18476,1,1
4128,1,1
12038,1,1
9094,1,1
13869,1,1
13618,0,0
17572,1,1
14735,1,1
1023,1,1
4244,0,1
12626,1,1
13823,0,0
17220,0,0
14494,0,0
12397,1,1
4871,1,1
1227,1,1
7679,1,1
1522,1,1
16411,1,1
15118,1,1
15776,1,1
15944,1,0
16154,1,1
11200,1,1
10614,1,0
2796,1,1
10602,0,0
19013,0,0
10277,1,1
13330,1,1
5412,1,1
3545,0,0
5999,1,1
12878,0,0
4918,1,1
15821,1,0
11074,1,1
1427,1,1
14323,0,0
558,1,1
18844,1,1
17417,1,1
13016,1,1
7808,0,0
18696,1,1
3633,0,0
8400,1,1
6687,1,1
137,1,1
11319,1,1
6661,1,1
11507,0,0
7183,1,0
1957,1,1
11901,1,1
12581,0,1
13662,1,0
13166,1,1
17224,1,1
3635,0,1
16231,1,1
7587,1,1
13807,1,1
11157,1,1
16953,1,1
3310,1,1
9802,1,1
9396,0,0
15532,1,1
5219,1,1
4116,0,0
15619,0,0
2485,1,1
11146,1,1
16429,1,0
16189,1,1
1328,1,1
17823,1,1
17850,1,1
8479,1,1
13135,1,1
1527,1,1
8775,0,0
8631,0,0
11607,0,1
12022,1,1
10223,1,1
5942,0,1
4836,1,1
7444,1,1
7280,1,0
1199,1,1
1704,1,1
18711,1,1
5846,0,1
18418,1,0
715,1,1
2830,1,1
15247,0,1
361,1,0
9934,1,1
4800,0,1
8931,0,1
3846,0,0
3668,1,1
2602,1,1
10222,1,1
3848,1,1
19308,0,0
8396,1,1
1710,1,1
14893,1,1
4467,1,1
3562,0,1
13538,1,1
1157,1,1
9968,1,1
5297,0,0
3023,0,0
11317,1,1
2393,1,1
460,1,1
10143,0,1
15047,1,1
2277,1,1
18413,1,1
10135,1,1
1493,1,1
15497,1,0
2626,1,1
2748,1,1
17585,1,0
2141,1,1
2439,1,1
17338,1,1
1396,1,1
7440,1,1
19280,0,1
12650,1,1
8143,1,1
10496,1,1
16278,1,1
1580,1,1
10886,0,0
17961,1,1
12755,0,0
2267,1,1
10332,1,1
16982,1,1
13970,1,1
17713,1,1
18662,1,1
7050,1,1
5381,1,1
2177,0,1
15043,0,0
8847,0,0
10034,1,1
2111,1,1
6809,1,1
13606,0,1
10270,1,1
7784,0,0
11656,1,1
8368,1,1
6315,1,1
2414,0,0
4585,1,1
1087,0,1
10013,1,1
18201,0,0
18176,1,1
2647,1,1
621,1,1
7252,1,0
17480,1,0
4132,1,1
10338,1,1
7182,1,1
1086,1,1
4084,0,0
3997,1,1
8773,0,1
8587,1,1
19193,1,1
9125,1,1
12143,0,0
15069,1,1
14652,1,0
5436,1,1
180,0,1
9990,0,0
11520,0,0
12507,1,1
11736,1,1
11712,1,1
16991,1,0
17915,1,1
3702,0,1
8215,1,1
3656,1,1
14431,0,0
17386,1,0
8618,1,1
17056,0,1
13757,0,0
8912,1,1
15953,1,1
8632,1,1
11915,0,1
1534,1,1
8022,0,0
1705,1,1
8758,1,1
16201,0,1
16138,1,0
14437,1,1
3855,1,1
17796,1,1
5678,1,1
15439,1,1
10061,0,1
14125,1,0
18556,1,1
10836,0,0
18938,1,1
487,1,1
6451,1,1
9327,1,1
12356,1,1
16824,1,1
16383,1,1
9126,1,1
5483,1,1
12113,1,1
18018,1,0
8888,0,0
12637,0,0
16180,1,1
17233,1,1
13785,1,1
2730,0,1
5960,1,1
12444,0,0
476,1,1
8205,1,1
3184,0,1
18262,1,0
1020,0,1
10229,1,1
1729,0,0
3852,1,1
2826,1,1
15790,1,0
8593,1,1
8527,1,1
16653,1,0
13213,1,1
3572,0,0
8585,1,1
14874,1,1
11772,1,1
11138,1,1
7751,1,1
1321,1,1
688,1,1
16571,1,1
134,1,1
10774,1,0
13417,0,0
14804,0,1
7526,1,1
16767,1,0
2270,1,1
6455,0,0
11980,1,1
15366,1,0
12521,1,1
3578,1,1
16375,1,1
12629,0,0
18363,1,1
7556,0,1
12577,0,1
5887,1,1
6794,1,1
2805,0,1
10441,1,1
485,1,1
8660,1,1
967,1,1
15993,1,1
4258,1,1
4783,1,1
2065,1,1
4639,0,0
14248,1,1
15216,1,1
18538,0,1
10634,0,0
7687,1,1
13374,1,1
19239,0,1
6670,1,1
16950,1,1
46,0,1
18918,1,1
6045,1,1
5665,1,1
7920,1,1
7504,0,1
14516,1,1
18746,1,1
18982,1,1
17721,1,0
2448,0,0
8476,0,1
11935,1,0
9616,1,1
16318,1,1
8194,0,0
14838,0,1
4201,0,0
7936,1,1
14994,0,1
10258,1,1
7592,1,1
12761,0,0
9061,0,0
10823,0,0
16091,0,1
11732,0,1
11012,1,1
13847,0,0
856,1,1
3302,1,1
13580,1,1
4013,1,1
16828,0,1
15633,1,1
14353,1,1
13553,1,1
119,1,1
11691,0,0
6662,0,0
18327,0,0
10196,0,0
19092,1,1
11225,1,1
3843,1,1
13956,0,1
5186,0,0
18980,1,0
6114,1,1
2585,1,1
5572,1,1
8064,1,1
8889,1,1
8875,1,1
7203,1,0
3287,0,0
15483,1,1
15855,1,0
15245,0,1
12336,1,1
10395,1,1
12697,1,1
3887,1,1
16299,1,0
17644,0,0
12754,1,1
6881,1,1
7805,1,1
2483,1,1
12400,0,0
16255,1,1
18637,1,1
18726,0,1
7640,1,1
9165,1,1
2578,1,1
4989,0,1
2174,1,1
11568,1,0
3498,0,0
3652,0,0
4156,1,1
16514,1,1
12833,1,1
286,1,1
6307,1,1
1323,1,1
5749,1,1
14221,1,1
15926,1,0
5500,1,1
72,1,1
15803,1,1
410,1,1
14767,1,1
7630,1,1
17362,0,1
10177,1,1
11822,1,1
2480,1,1
16344,1,1
17984,1,1
7098,1,1
2039,0,1
2403,0,1
6098,0,0
2698,1,1
14982,1,1
8938,1,1
4602,0,0
7982,1,1
17771,0,1
10617,1,1
11059,1,1
14348,0,0
15416,1,1
2953,0,0
18498,1,1
7915,0,1
2026,0,1
8688,1,1
5456,0,0
11092,1,1
13772,0,0
12776,1,1
15861,0,1
14179,0,1
9328,1,1
12946,1,1
7161,0,0
18634,1,1
2247,0,0
1071,0,1
3579,0,0
12956,1,1
6659,1,1
2189,1,1
12587,1,1
7934,1,1
16695,1,1
5418,1,1
11784,0,0
12639,1,1
16340,1,1
15358,0,1
2677,1,1
3570,1,1
12149,1,1
6162,1,1
18981,0,0
8821,1,1
3059,0,0
8623,0,0
4755,1,1
10755,0,0
12820,1,1
17955,0,1
4787,1,1
14263,1,1
15326,0,0
19163,0,1
697,0,1
1005,0,1
17354,0,1
15301,1,1
17293,1,0
11658,0,1
11344,1,0
8786,1,1
16939,0,1
10792,0,0
18885,0,0
17553,1,1
13885,1,0
18927,1,1
2235,1,1
563,0,1
2954,1,1
13443,1,1
291,1,1
7532,0,1
17132,1,1
9588,1,1
16906,1,1
7088,0,0
7319,0,0
3684,1,1
17628,1,1
5527,1,1
15795,1,1
18919,1,1
3233,1,1
10283,1,1
15189,1,0
11515,1,1
101,1,1
13657,0,1
6173,1,1
6910,0,0
16718,0,1
695,1,1
7914,1,0
6373,0,1
2117,0,1
9074,0,0
5337,1,1
8319,1,1
10408,1,1
10035,0,0
3485,1,1
4461,1,1
1664,1,1
18608,1,1
15174,1,1
15869,1,0
17843,1,1
1807,0,0
11372,1,1
16335,1,1
5617,1,1
3425,0,0
635,1,1
817,0,0
17536,1,1
3938,1,1
14632,1,1
14555,1,1
16642,1,1
12620,1,1
11843,1,1
2932,1,1
16442,1,1
14008,0,1
707,1,1
12130,1,1
17115,1,1
18071,0,0
11734,1,1
14714,1,1
2043,1,1
17134,0,0
18226,1,1
2119,0,0
836,0,0
5849,0,1
17567,1,1
8258,0,1
4730,1,1
5140,1,1
1981,0,0
3207,1,1
8180,0,0
16581,0,0
2112,0,0
5090,0,1
16193,1,1
12265,1,1
9580,1,1
10651,1,1
14785,1,1
4625,0,0
5859,1,1
1158,1,1
4671,1,1
5900,1,1
6399,1,0
18606,1,0
123,0,1
1247,1,1
820,1,1
6193,1,1
13517,0,0
13269,0,1
14002,0,0
16478,0,0
12126,0,0
9926,1,1
2503,1,1
3014,0,0
18664,0,0
2605,1,1
13603,1,1
16306,0,1
5921,1,1
16002,1,1
12729,1,1
11564,0,0
14519,1,1
2298,0,1
14192,1,1
19090,0,0
13558,1,1
14738,1,1
11251,0,1
3269,1,1
963,1,1
5502,0,0
15229,1,1
16620,1,1
18260,1,1
2140,1,1
6443,0,0
15035,1,1
12289,1,0
3894,1,1
13313,1,0
3062,1,1
15462,1,1
5023,1,0
11228,1,1
708,0,0
9957,1,1
11002,1,1
17545,1,1
7731,0,0
2781,1,1
6068,1,1
18298,1,1
5647,0,0
15771,1,1
927,1,1
16251,1,0
5792,1,1
13341,1,1
17080,0,0
11549,1,1
5019,0,0
15141,1,1
18254,1,1
6105,0,0
6763,0,1
12009,0,0
7377,1,1
5535,1,1
7641,1,1
7833,1,1
10610,1,1
15117,1,1
2498,1,1
7451,1,1
7263,1,0
13427,1,1
4822,0,0
11861,1,1
7557,0,1
12011,1,1
8229,1,1
3978,1,1
3547,0,1
3222,0,0
8032,0,1
10140,1,1
2152,0,0
5142,1,1
13591,1,1
12971,1,1
15782,1,1
3478,1,1
2638,1,1
13860,0,1
4447,1,1
8933,1,1
12698,1,1
5557,1,1
13332,1,1
12863,0,1
3213,1,1
4880,1,1
17864,0,0
7897,1,1
10394,1,1
2974,1,1
18330,1,1
2859,1,1
16476,1,1
11790,1,1
5683,1,0
9781,1,0
3468,1,1
6228,0,1
14845,1,1
10456,1,1
3537,1,1
8705,1,1
2549,1,1
15396,1,1
14307,1,1
16273,1,1
13150,1,1
18928,1,1
8800,1,1
13451,0,1
6258,1,1
9145,0,0
8497,0,0
18997,1,1
3125,1,1
17498,1,1
11497,1,1
19054,1,1
17784,1,1
3350,0,0
18973,1,1
16673,1,1
1557,1,1
7973,1,1
8501,1,1
3375,1,1
12074,1,1
17014,1,1
4966,1,1
7133,1,1
11195,1,0
18820,1,1
11214,0,1
17817,0,0
12252,1,0
11605,1,1
16956,1,1
18008,0,0
13753,0,1
2554,0,0
15521,1,1
6984,1,1
16833,0,0
16891,1,1
2255,1,1
12399,1,1
7455,1,1
8967,1,1
2512,0,1
15438,1,1
12188,1,1
12599,1,1
4325,1,1
127,1,1
1697,0,1
11676,0,0
9049,1,1
5453,1,1
8614,1,0
9307,0,0
10271,0,0
14784,1,1
2020,1,1
15615,1,1
6113,0,0
4540,1,1
3479,1,1
13800,1,1
11333,0,0
17490,1,1
15611,1,1
15931,1,1
450,1,1
6915,1,1
18571,1,1
5268,1,1
13655,0,1
14088,1,1
12463,0,1
88,1,1
6357,0,1
1419,0,0
15818,1,1
12439,1,1
17101,0,1
11075,1,1
5199,0,1
8823,0,0
11205,0,0
7126,1,1
17401,0,1
16109,1,1
3993,0,1
13974,1,1
10991,1,1
9878,1,1
10953,0,0
11795,1,1
7951,0,0
14761,0,0
14277,0,0
8958,1,1
11320,1,1
8968,1,1
17085,1,1
9618,1,0
16615,0,0
3314,1,1
8651,1,1
13565,1,1
7884,0,1
2167,0,1
7715,1,1
17605,0,0
8305,1,1
4448,0,0
9447,0,0
10904,1,1
9060,0,0
2238,0,0
18139,0,0
6847,0,0
18159,1,1
14869,0,0
7518,1,1
13114,1,1
13687,0,1
13960,1,1
4909,1,1
15853,1,1
3643,0,1
1092,1,1
7355,1,0
19001,0,0
13384,0,1
2008,1,1
15448,1,1
14862,1,1
9445,1,1
13797,0,0
9031,1,0
8409,1,1
13354,1,1
11049,1,0
16947,1,1
9027,1,1
17139,1,1
14184,1,0
3120,1,1
15856,1,1
10207,1,1
2771,1,1
11315,1,1
6088,1,1
3941,1,1
6869,1,0
7062,1,1
9278,1,1
3323,1,1
4974,0,1
5026,0,1
19040,1,0
9855,1,1
1066,0,1
2701,0,0
5195,1,1
17574,1,1
16919,1,1
4375,1,1
1632,1,1
9923,1,1
18054,1,1
8731,1,1
15000,1,1
17054,1,1
17814,0,0
11196,1,1
6389,0,0
17925,1,1
9300,1,0
1026,1,1
4693,1,1
12852,0,0
503,1,1
13345,1,1
2450,0,0
16812,1,1
17194,1,1
16100,1,1
16446,1,1
2624,0,0
8515,1,1
5363,1,1
14382,0,1
13309,1,1
8455,0,0
6836,1,1
16607,0,0
15377,1,1
15449,0,0
7279,0,1
6062,1,1
18712,1,1
14978,1,1
4981,0,0
18177,1,1
1119,1,1
19050,1,1
5081,1,1
16895,1,1
10832,0,0
13735,0,1
15970,1,1
2579,0,0
15130,1,1
3794,0,0
1804,1,1
15213,1,0
12095,1,0
4999,1,1
16580,1,1
16133,1,0
13369,0,1
18524,0,0
13636,0,1
8733,0,0
7326,1,1
16223,1,1
5927,0,1
2145,1,1
4165,1,1
5503,0,0
13857,1,1
11801,0,1
549,1,1
18557,1,1
9950,1,1
16465,1,1
17059,1,1
8021,1,1
9399,0,0
16341,1,1
2232,1,1
4850,1,1
10945,1,1
6880,1,1
3111,1,1
14254,1,1
7573,1,1
12889,0,1
9191,1,1
5547,1,1
8824,0,0
5971,1,1
17891,1,0
10587,0,0
13356,1,1
9394,1,1
17087,1,1
15616,1,0
14645,0,0
18813,0,0
14483,1,1
9977,1,0
17932,1,1
7891,1,1
9906,1,1
6873,1,1
7249,0,0
14550,0,0
17603,1,1
4881,1,1
4738,1,1
10139,1,1
7793,1,1
17542,0,0
17541,1,1
8027,1,1
12921,1,1
1303,1,1
10897,1,1
19143,1,1
5230,1,1
4847,1,0
13506,1,1
14964,1,1
3458,1,1
18341,1,1
10461,1,1
16807,1,1
15957,1,1
3410,1,1
12922,1,1
12419,1,1
18047,1,1
2540,1,1
10601,0,1
17302,1,1
9291,1,1
19178,0,0
15698,1,1
10822,1,0
4848,1,1
3912,0,0
8910,1,1
9733,0,0
12838,1,1
13934,1,1
401,0,1
16713,0,1
12825,1,1
14168,1,1
12447,1,1
13642,1,1
9800,1,1
8728,1,0
9315,1,1
1722,1,1
15097,0,0
8294,1,1
15453,1,0
17473,1,0
13277,1,1
18631,0,0
15840,1,1
10702,1,1
7165,1,1
4101,1,1
14296,1,0
7689,1,1
14066,1,0
13779,0,1
17091,1,0
15868,1,1
8235,0,0
10085,0,1
8134,0,0
17664,0,0
608,1,1
4024,0,0
7946,1,0
19,0,0
15018,0,0
8068,1,1
16739,1,1
11923,1,1
10076,1,1
15385,1,1
14413,1,1
3800,0,1
13903,1,0
13435,1,1
5277,0,0
14990,1,0
3658,0,1
14129,0,0
11339,1,0
14659,1,1
2676,1,1
15347,0,0
2545,1,1
2516,1,1
13634,1,1
11062,1,0
18426,1,1
7445,0,1
6656,1,1
11570,0,0
15441,1,1
11882,0,0
1983,1,1
17829,1,1
18134,1,0
3651,0,0
2301,1,1
11264,1,1
6751,1,0
657,1,1
6387,1,1
751,1,1
2081,1,0
13145,1,1
4977,0,0
4779,0,1
16107,1,1
7875,0,1
17956,1,1
6348,0,0
12641,1,1
5725,1,1
18479,1,1
11799,0,1
12980,1,0
4007,0,0
553,1,1
4438,1,1
9787,1,1
576,1,1
4812,0,1
10783,0,0
47,1,1
14255,1,1
4816,1,1
3860,1,1
1944,1,1
15349,1,1
1450,1,1
14552,0,1
12002,1,1
9939,1,1
6440,1,1
18140,1,1
10929,1,1
17637,1,0
7486,1,1
3282,1,1
12902,0,0
18598,1,1
5321,1,1
13128,1,1
9890,1,1
8101,1,1
11834,1,1
1213,0,0
14459,0,0
11101,0,0
19275,1,1
18610,0,0
18491,1,1
3616,1,1
744,1,1
11849,1,1
2950,1,1
17529,1,1
11995,1,1
14006,1,0
17438,1,1
729,1,1
1640,1,1
6799,0,0
9272,1,1
19268,1,1
542,1,1
10962,1,1
11492,1,1
15397,1,1
8333,1,1
18775,1,1
15505,1,1
2392,0,0
10806,0,1
6544,0,0
4328,1,1
9600,1,1
1952,1,1
11245,1,1
8915,0,1
6532,1,1
13831,0,0
9922,1,1
10058,1,1
14551,1,1
14771,0,1
2078,0,1
13179,0,1
17971,1,1
15156,1,1
11723,0,0
3710,1,1
17272,1,1
6027,1,1
13466,0,0
7209,1,1
18936,0,0
6960,0,0
6209,1,1
8960,1,1
2066,1,1
18781,1,1
19310,0,0
2271,0,1
11961,1,1
17215,1,0
7004,0,0
11238,1,1
12063,1,0
5194,1,1
6482,1,1
2959,1,1
9414,1,1
6252,1,1
6384,1,1
5466,1,1
17737,1,0
4852,1,1
15484,1,1
3821,0,0
4388,1,1
11906,1,1
19168,1,1
10248,1,1
14017,0,0
10093,1,1
9100,0,0
16894,1,0
13106,1,1
15726,1,0
3649,1,1
6325,1,1
10115,1,1
4073,1,1
6323,0,1
6301,1,0
1175,1,1
10882,1,1
18377,0,0
12137,0,0
18868,1,1
9159,0,0
10561,1,1
8712,0,1
8088,1,1
15770,1,1
13116,1,1
13773,1,1
4982,1,1
10193,1,1
8166,1,1
14331,1,1
4387,0,1
6466,0,0
7292,1,1
9620,1,1
1166,0,1
8146,0,1
19206,1,1
3295,0,1
5155,1,1
1783,1,1
8357,1,1
1130,1,1
7665,0,1
7923,1,1
13387,1,1
12305,0,0
10353,1,1
3379,1,1
8158,1,1
12862,1,1
11983,1,1
5998,1,1
12983,1,1
6892,1,1
5561,0,0
4351,1,1
10431,1,1
18095,1,1
9428,1,1
6914,1,1
11094,1,1
12167,1,1
5504,1,1
6677,1,1
9459,1,1
11878,1,1
7794,1,1
17326,0,1
16040,1,1
7818,1,1
4622,1,0
8812,1,1
7881,1,1
7747,1,0
17516,0,1
12257,1,1
7628,0,0
6612,1,1
14196,1,1
5070,1,1
8282,0,0
18963,1,1
4189,1,1
11010,1,1
17400,1,1
4894,1,1
483,1,1
13501,0,0
1315,1,1
12527,1,1
17952,1,1
6934,1,0
5970,0,0
14810,0,0
9682,0,0
12742,0,0
18048,1,1
18024,1,1
11190,1,1
8240,0,0
907,1,1
1576,0,1
11301,1,1
1339,1,1
3393,1,1
19241,1,1
9865,0,0
2699,1,1
10481,1,1
12741,1,1
1989,0,1
6705,1,1
10324,1,1
4993,1,1
18245,1,1
11001,1,1
121,1,1
4504,0,0
18521,1,1
12526,0,0
13255,1,0
8010,1,1
7286,1,1
18722,1,1
14442,1,1
18507,1,1
4166,1,1
9626,1,1
3571,1,1
1270,1,1
5245,1,1
13256,0,0
1691,1,1
16763,1,1
12707,0,0
11129,1,1
10210,0,0
10109,0,1
5587,1,1
9783,1,1
16604,1,1
10238,1,1
18069,1,1
6164,0,0
16990,1,1
1208,1,1
5620,1,1
6428,1,1
6425,0,1
18468,1,1
16209,0,1
15283,1,1
1090,1,1
4750,1,1
1533,1,1
9904,1,1
1411,1,1
16848,0,0
5012,0,0
4045,0,1
3984,1,1
6267,0,1
17714,1,1
13329,1,0
18850,1,1
18249,0,0
10497,1,1
2740,0,1
5343,1,0
6298,0,1
18754,1,1
14454,1,0
13498,0,0
16096,0,0
5099,1,1
16640,0,0
10811,1,0
10937,1,1
1393,0,0
6306,1,1
18225,1,1
19238,1,1
15718,0,0
13337,1,1
9244,1,1
17387,1,1
4580,1,1
12168,1,1
13199,1,1
1767,1,1
6845,1,1
19098,0,1
8584,1,1
9903,1,1
9742,1,1
16323,1,1
12667,1,1
6023,0,1
13131,1,1
9772,1,1
15102,1,1
5441,1,1
9703,1,1
10954,1,1
5459,1,1
10847,1,1
1002,1,1
1061,1,1
7906,0,1
13162,1,1
16364,1,1
6747,1,1
6180,1,1
3211,1,1
12860,1,1
12957,1,1
14200,1,1
10054,0,0
7861,0,1
14885,1,1
10012,1,1
10263,1,0
9842,0,0
2146,1,1
17204,1,1
4885,0,1
13746,1,1
11232,1,0
586,1,1
10672,1,1
15114,1,1
2266,1,1
5657,0,0
13426,1,1
14942,0,0
14231,0,0
6813,1,1
6833,1,1
3752,0,0
2995,1,1
3105,1,1
16416,1,1
8670,1,1
9204,1,1
9668,0,0
9820,1,1
11348,1,1
4699,1,1
9012,0,0
5391,1,1
12173,1,1
3507,1,1
9713,0,0
9853,1,1
7303,1,1
7304,1,1
5719,1,1
11611,1,1
7652,0,0
17709,1,1
12337,1,1
8066,1,1
13969,1,0
1570,1,1
1398,1,1
2281,1,1
7957,0,0
5908,1,1
2021,1,1
13453,0,0
16553,1,0
6462,1,1
14983,1,0
8225,0,0
6776,1,1
7667,0,1
2002,0,0
18042,1,1
4527,1,1
9864,1,1
15705,1,1
15030,1,1
902,1,1
12489,0,0
181,0,1
1063,1,1
7111,0,1
4505,1,1
6889,1,1
1853,1,1
14689,1,1
16794,1,1
16871,1,0
6535,0,0
8306,0,0
2878,1,1
14788,1,1
4702,1,1
13024,0,1
1926,1,1
15811,1,0
9164,1,0
17939,1,1
19100,0,0
50,1,1
4978,1,1
2497,0,0
5478,0,0
5474,1,1
7536,0,1
15544,0,0
15680,1,1
2458,0,0
4554,1,1
19256,0,0
7555,1,1
7625,1,1
18296,1,1
2777,1,1
9833,1,1
8592,0,0
6561,1,1
12665,1,0
7287,1,0
1097,1,1
5537,1,1
3230,0,1
6352,1,1
10812,0,0
8872,1,1
8325,0,0
15997,1,0
10664,1,1
4914,1,1
4168,0,1
2086,0,0
8543,0,0
10714,1,1
14986,0,0
7202,0,0
16674,1,1
4907,1,1
14354,1,1
13006,0,1
18705,1,1
14819,0,0
431,1,1
7697,0,0
2202,1,1
1572,1,1
9719,1,1
18675,1,1
4691,1,1
1277,1,1
11653,1,0
10027,1,1
6536,1,1
17872,1,1
14858,0,1
7151,1,1
10349,1,1
3068,1,1
3394,0,0
9859,1,1
11291,1,1
4046,1,1
884,1,1
16694,0,0
1039,0,0
1470,0,0
19173,1,1
293,1,1
2445,1,1
7727,1,1
14683,1,1
7052,1,1
3979,1,1
2095,1,1
17647,1,1
11116,0,0
1194,1,1
2636,1,1
1010,1,1
16001,1,1
19290,1,1
12846,1,1
5227,0,1
11164,1,1
6608,1,0
10616,0,0
6442,1,1
16684,1,1
13533,1,1
900,1,1
12872,1,1
934,1,1
10959,1,1
17724,1,0
12006,1,1
4510,1,1
15748,0,0
4672,1,1
17812,1,1
3050,1,1
959,0,0
1148,1,1
9193,1,0
2051,1,1
15258,1,1
2054,1,1
2501,1,1
5496,1,1
13864,1,1
9254,1,1
12539,0,1
11404,1,1
2323,1,1
12371,1,1
9008,1,1
8360,1,1
12316,1,1
14406,1,1
13764,1,1
8367,0,1
12432,0,0
9537,1,1
3043,1,1
3070,1,1
12465,0,0
12699,0,1
18807,0,0
12363,1,1
12511,1,1
10164,1,0
2814,0,1
4935,0,1
7179,1,1
9912,0,0
13678,0,0
5332,0,0
11489,1,1
9197,1,1
6074,1,1
13788,0,0
1056,0,1
3165,1,0
16935,1,1
10106,1,1
8588,1,1
7453,0,0
6069,1,0
19315,1,1
13221,1,1
11874,1,1
10788,1,0
13719,1,1
15965,1,1
4462,1,1
6427,1,1
2157,1,1
8149,1,1
13245,1,1
13137,1,1
10689,1,1
18102,0,0
17886,1,0
18494,1,1
14244,0,1
102,1,1
8350,1,1
16477,0,1
16965,0,0
2684,1,1
8776,1,1
16858,1,1
15860,0,0
1694,1,1
3352,1,1
1065,1,1
8139,0,0
12085,1,1
18436,1,1
6864,1,1
6366,1,1
10605,1,1
16202,1,1
8529,1,1
14123,0,0
34,1,1
12279,1,1
2358,1,1
15380,1,1
4048,1,1
2608,1,1
12205,0,1
937,0,1
396,0,1
12140,0,0
5748,1,1
3189,1,1
12076,1,1
2134,1,1
17680,1,1
15985,1,1
9739,0,0
10976,0,0
8329,1,1
16325,1,1
12788,1,1
1210,1,1
9167,1,1
9683,1,1
1085,1,1
12557,1,1
15626,1,1
8412,1,1
5903,1,1
18991,1,1
11244,1,1
10160,1,1
19273,1,1
2635,1,1
1458,0,0
5000,0,0
1318,0,0
1769,1,1
5568,0,1
9597,1,1
17807,1,1
2583,1,1
6979,1,0
18744,1,1
1475,1,1
130,1,1
7016,1,1
8375,1,1
9846,1,1
2751,0,0
14104,1,0
5022,1,1
5865,0,0
17909,1,1
1825,0,0
9503,0,1
3508,1,1
14938,1,1
3948,0,0
10606,0,1
7047,0,0
12975,0,0
4333,1,1
2216,1,1
3433,1,1
8561,1,1
4352,1,1
15430,0,1
8381,1,1
15679,1,1
7580,1,1
10037,1,1
14876,0,0
8971,1,1
655,0,1
4148,1,1
15974,1,1
2589,1,1
12293,0,0
11329,1,1
6779,1,1
4296,1,1
11999,1,1
3588,1,1
3707,1,1
13020,1,1
449,0,0
17377,0,0
6029,1,1
13962,1,1
13987,0,0
13364,0,0
535,1,1
13958,1,1
3753,0,0
9302,0,0
8296,1,1
2425,1,1
1836,1,1
4293,1,1
13344,0,1
6590,0,0
7021,1,1
2680,1,1
11984,1,1
3755,1,1
1038,1,1
9681,1,1
17833,1,1
10878,1,1
6444,1,1
6020,0,0
1870,1,1
19104,1,1
5083,1,1
16513,1,1
18967,1,1
16146,1,1
1688,0,0
5916,0,1
5642,0,0
3965,1,1
196,1,1
518,0,1
7416,1,1
8837,1,1
9952,1,1
3589,0,1
6742,0,0
12551,1,1
19267,0,0
12193,1,1
12571,1,1
12373,1,0
3623,1,1
18308,1,1
17493,0,1
3248,1,1
454,1,1
17226,1,1
17610,1,1
2862,1,1
14441,1,1
12861,0,0
182,0,0
3776,1,1
9257,1,1
2522,1,0
7664,1,1
5382,1,1
18790,1,1
99,1,1
18546,1,1
5215,1,1
9407,1,1
5359,1,1
4739,1,1
6760,1,1
14962,1,0
13983,1,1
6631,0,0
1707,1,1
254,1,1
9453,0,1
1302,0,0
10607,1,1
12283,1,1
8111,1,1
19008,0,1
12614,0,0
7513,1,1
10307,0,0
9006,1,1
10296,1,1
933,1,1
3119,1,1
15697,1,1
12817,1,1
17528,1,1
2518,1,1
1373,1,1
3210,0,0
13436,0,0
18979,1,1
2009,0,0
6761,0,0
5182,1,1
18602,1,1
14704,1,1
3169,1,1
17763,0,0
2874,1,1
10029,1,1
1037,0,0
8190,1,1
2704,1,1
13098,1,1
8216,0,0
18636,1,1
7823,1,1
5689,1,1
15794,1,0
2848,1,1
9002,1,1
12593,1,1
10103,1,1
5069,1,1
15241,1,1
18364,1,1
3686,1,1
5933,0,1
8487,0,1
2697,1,1
9647,1,1
4074,1,1
10001,1,1
16733,1,1
9680,1,0
14660,1,1
6002,1,1
6921,1,1
7307,1,1
9944,1,0
12278,1,1
15262,0,0
14471,1,1
15755,1,1
4930,1,1
7243,0,1
664,1,1
5100,1,1
15801,0,0
8488,1,1
9502,0,0
12763,1,1
5883,1,1
3486,1,1
18816,1,1
11026,1,0
6408,1,1
16350,1,1
13900,1,1
4629,1,1
12691,1,1
12737,0,0
10361,1,1
12647,1,1
1984,1,1
7441,1,1
2435,1,1
8841,0,1
17000,0,1
18607,1,0
15266,1,1
18456,1,1
14719,1,0
13450,0,0
14505,1,1
4634,1,1
5341,0,0
13102,0,0
1280,1,1
8954,0,1
12206,1,1
2981,1,1
8398,1,0
19046,0,0
8012,1,1
17902,1,1
2813,1,1
6494,0,1
536,0,1
3376,1,1
15607,0,1
4941,1,1
259,1,1
15905,1,1
14016,1,1
10218,0,0
16746,1,1
5211,1,1
6827,1,1
2003,1,1
10462,1,1
9987,1,1
640,1,1
617,1,1
474,0,1
1310,1,1
4903,1,1
14073,1,1
12500,1,1
12067,1,1
6438,1,1
13513,1,1
15586,1,1
11895,1,1
3242,1,1
14579,0,0
993,1,1
8755,1,1
3415,1,1
12660,1,1
14916,1,1
1866,0,1
9863,1,1
14080,0,0
9413,1,1
19129,1,0
15144,0,1
16461,1,1
1121,0,1
2656,1,1
13904,1,1
12916,1,1
8475,1,1
9634,1,0
11602,1,1
12727,0,0
15900,0,1
19019,1,1
10881,1,0
19306,0,1
15827,1,1
1698,0,0
1835,1,1
10321,1,1
13476,0,1
12844,1,1
11227,1,0
4410,1,1
1042,1,1
11681,0,0
7693,1,1
14537,0,1
5224,1,1
17928,1,1
4574,1,1
17230,1,1
11683,0,0
9174,1,1
1433,0,0
18630,0,0
16431,0,0
6472,0,0
14103,1,1
8140,0,0
377,1,1
357,1,1
14500,0,1
8293,0,0
14618,1,1
13696,1,1
14019,1,0
8144,0,0
6383,1,1
1441,1,0
13429,0,0
3857,0,0
19235,0,1
9497,1,1
2234,0,1
8116,1,1
7812,1,1
1713,1,1
16093,0,1
18475,1,1
10418,1,1
7924,1,1
6619,1,1
3048,1,1
2252,1,1
1968,1,1
1805,0,0
5222,1,1
3958,0,1
5449,0,0
3256,1,1
11955,0,0
16821,1,1
9411,1,1
3477,1,1
3851,0,1
12546,1,1
8491,1,1
18736,1,1
2718,0,0
7110,1,1
14136,1,1
2958,0,1
1256,1,1
2420,0,1
12443,1,0
17813,1,1
2640,1,1
222,0,0
3474,1,1
8602,1,1
14415,1,1
2652,1,0
15879,1,1
12941,1,0
6758,0,1
3525,0,1
8133,1,1
4205,1,1
10498,1,1
1336,1,1
1402,1,1
113,1,1
18562,1,1
5554,0,1
13214,0,0
17756,0,1
13296,1,0
17174,1,1
12290,1,1
12567,1,1
6075,1,1
11135,1,1
4149,1,1
6235,1,1
18320,1,1
12212,1,1
4254,1,1
6091,1,1
15547,1,1
953,1,1
6234,1,1
8105,0,1
17461,0,0
2556,1,1
3682,1,1
12456,1,1
15704,0,0
15254,1,1
5309,1,1
11371,1,0
4021,0,0
135,1,1
14496,0,0
16439,1,1
17916,1,1
10667,1,1
18684,0,1
10243,0,0
1489,1,1
16700,0,0
12790,1,1
17466,1,1
11606,1,1
5893,0,1
2467,1,1
12553,1,1
14780,1,1
11735,0,0
2087,1,1
12738,1,1
13943,0,0
5589,0,0
2929,1,1
9402,0,0
9506,1,1
11123,0,1
6660,1,1
2133,1,1
10805,1,0
3288,0,1
4680,1,1
8489,1,1
425,1,1
13422,1,1
14373,1,1
16492,1,1
1890,0,0
9568,1,1
8168,0,0
12021,1,1
4528,1,1
4720,0,0
16103,1,1
10655,1,0
9780,1,1
2714,0,0
18302,1,1
14303,1,1
7577,1,1
6757,1,1
15720,0,1
5157,1,1
2760,1,1
11100,0,0
5034,1,1
14372,1,1
13670,1,1
12436,0,0
17933,1,1
12576,1,1
12887,0,0
1833,0,1
16911,0,1
13104,1,1
8952,0,1
1139,1,1
5716,0,0
9517,0,0
12040,1,1
14712,0,1
16275,0,0
9180,1,1
1692,1,0
9818,1,0
11855,1,1
6600,1,1
13534,0,0
7503,1,1
17840,0,0
653,1,1
4751,1,1
14828,1,1
3234,1,1
19296,1,0
17608,0,0
2726,0,1
1113,0,1
3511,1,1
16400,1,1
930,1,1
373,0,0
2099,0,1
14224,0,0
2993,1,1
15093,1,1
4309,1,1
17474,1,1
15409,0,1
1275,0,1
8856,0,1
17855,1,1
15689,1,1
6699,1,1
9088,0,0
12094,1,1
9565,1,1
8796,1,1
2132,0,0
7887,1,1
7101,1,1
17106,1,1
3559,0,0
11511,0,0
41,1,1
5274,1,1
10032,1,1
7561,1,1
12605,1,1
862,1,1
14191,1,1
9927,1,1
18841,1,1
13268,0,0
9894,0,1
15980,1,1
14092,1,1
9756,1,1
10808,1,0
9570,1,1
638,1,1
16197,1,1
8320,1,1
14800,1,1
566,1,1
14166,1,1
8885,1,1
4104,1,1
18361,1,1
18416,1,1
15193,0,0
7291,1,1
18194,1,1
1305,1,1
14159,1,1
1219,1,1
1362,1,1
14402,1,1
11749,1,1
15558,1,1
4252,1,1
9395,1,1
9068,0,0
11524,0,0
10303,1,1
13224,1,1
4843,1,1
4667,1,1
54,1,1
7302,0,1
7948,1,1
6066,1,1
12865,1,1
14405,1,1
16308,0,0
5937,0,0
735,1,1
10677,1,1
13496,1,1
1964,1,1
2629,1,1
9856,1,1
3919,1,1
720,1,1
6490,1,0
9883,1,1
17042,1,1
426,1,1
4442,1,1
15572,1,1
12798,0,1
5331,1,1
16487,1,1
11107,1,1
18096,0,1
3826,1,1
2543,1,1
3788,0,1
5671,1,1
2275,0,1
12616,1,1
3836,0,0
420,0,0
284,1,1
998,1,1
11313,1,1
8099,1,1
3181,0,0
7903,0,0
3608,1,1
16444,1,0
3265,1,1
3073,1,1
18958,1,1
14914,1,1
15481,1,1
17674,1,1
7512,0,1
7022,1,1
11039,0,1
3245,1,1
8955,0,0
7269,0,1
17212,1,1
16280,1,1
17705,1,1
3934,1,1
18847,1,0
10039,1,1
12341,0,0
3434,1,1
9382,1,1
7516,1,1
9347,0,0
9931,0,1
10837,1,1
7275,0,0
18946,1,1
10721,1,1
9093,1,1
5758,1,1
16569,1,1
19171,1,1
7272,1,1
682,0,0
12787,1,1
17035,0,1
4610,1,1
1720,1,1
150,1,1
13423,1,1
17013,1,1
11432,1,1
3411,1,1
11942,1,1
221,1,1
8818,1,1
8759,1,1
5512,1,1
17483,0,1
11722,0,1
12057,0,0
15099,0,1
11528,1,1
6224,1,1
17991,1,1
7777,1,1
803,1,1
4186,1,1
9509,1,1
10814,1,1
15877,1,1
2661,1,1
19035,1,0
1606,1,1
3024,1,1
5659,0,1
3595,0,1
12920,1,1
8202,0,1
12442,1,1
18543,0,0
4688,0,0
1276,1,1
15621,1,1
12929,1,1
10762,1,1
3274,1,1
12078,0,0
19064,1,1
5847,1,1
18200,1,1
7465,0,0
2380,0,0
982,1,1
7510,1,1
18550,0,1
4518,0,0
13278,0,0
17171,1,1
10926,1,0
4771,1,1
14756,1,1
9938,1,1
18274,1,1
17446,1,0
9057,1,1
5848,0,1
11646,1,1
14739,0,0
14262,0,0
11890,1,1
6407,0,1
1255,1,1
3315,1,1
9994,1,1
13196,1,0
8045,0,0
841,1,1
12762,1,0
2481,0,0
15373,1,1
12441,1,1
6672,1,1
16669,0,0
9461,1,1
19136,1,1
19066,1,0
2946,0,0
3223,1,1
16819,1,1
829,0,0
15368,1,1
1602,0,0
12282,1,1
3820,1,1
5384,1,1
3058,0,0
4153,1,0
13730,1,1
3669,1,1
10900,1,0
16865,0,0
3503,1,1
18497,1,1
7798,0,0
447,0,0
12296,1,1
3950,1,1
9689,1,1
17271,1,1
6253,1,1
8220,0,1
16182,1,1
14984,1,1
13715,1,1
17268,0,1
8441,1,0
13013,1,1
4767,0,1
8884,1,1
18117,1,1
13658,0,0
17163,0,0
14108,1,0
1921,1,1
11933,1,1
10046,1,1
10547,1,0
11825,1,1
4819,1,1
1358,1,1
13729,1,0
10478,1,1
3449,1,1
15938,1,0
6271,1,1
6504,1,1
12573,1,1
17154,0,1
18282,0,0
6835,0,0
13716,1,1
13362,1,1
17860,1,1
16058,1,1
12611,0,1
12108,0,0
18246,1,1
17208,0,1
5894,1,1
13211,1,1
1320,1,1
11881,0,1
10157,1,0
7673,1,1
4413,1,1
7627,0,1
2084,0,1
3214,1,1
10658,1,1
11119,1,1
10585,1,1
168,0,0
12900,1,1
6626,1,0
16233,1,1
12128,1,1
6011,1,0
11908,0,1
16087,1,1
380,1,1
15729,1,1
19160,0,1
8074,1,0
17385,0,1
398,1,1
4411,1,1
12333,1,1
7270,0,1
149,0,0
3069,0,0
2812,1,1
6151,0,0
94,1,1
3529,1,1
12301,1,1
5380,1,1
9054,0,0
14585,0,1
16973,1,1
6832,1,1
15244,1,1
9245,1,0
11944,1,1
1496,1,0
5217,1,1
13801,1,1
14626,0,1
0,1,1
8877,1,1
18291,1,1
18964,1,0
6669,1,1
8291,0,1
11389,1,1
19289,1,1
3002,1,1
12478,1,0
4590,1,1
17187,1,1
11345,0,0
17978,0,1
13182,0,0
4113,1,1
9351,1,1
16951,1,1
5248,1,1
9816,1,1
11218,0,0
18770,1,0
7811,0,0
1929,1,1
16488,0,0
9847,0,0
13659,1,1
8950,1,1
6933,1,1
8610,0,1
18387,1,1
11272,1,1
1967,0,1
7102,1,1
9117,0,0
3971,1,1
1634,0,0
14706,1,0
12769,1,1
6063,1,1
4336,0,1
8384,0,1
10009,1,1
4391,1,1
13183,1,1
14805,1,1
10377,1,1
13829,0,0
1479,0,1
11802,1,1
2150,1,1
12222,1,0
1498,1,1
16552,1,0
19217,0,0
16927,0,1
13732,1,1
3784,1,1
6108,0,0
9807,1,1
1795,0,0
9522,0,1
16879,1,1
2752,1,0
2724,1,1
1333,1,1
11948,0,1
7300,0,0
16507,0,0
4547,1,1
4618,1,1
8988,0,0
12269,0,0
2688,1,1
1714,1,1
14655,1,1
5858,0,0
14049,0,0
4043,1,1
8457,1,1
15341,1,1
359,1,1
9215,1,1
12558,0,0
3931,1,1
7321,1,1
17,1,1
12120,0,0
4285,1,1
4373,0,0
14509,1,1
2715,1,1
4226,1,1
17158,1,1
316,1,1
8817,1,0
14512,1,1
17117,1,1
2045,0,1
11547,0,0
10861,1,1
13821,0,0
4874,0,0
18053,1,1
4140,1,1
13461,0,1
7683,0,1
13674,0,0
14590,1,1
7410,1,1
11043,1,1
11713,1,1
18624,1,0
5605,1,1
16333,0,0
4034,0,0
16247,1,1
17654,1,1
16557,0,0
12288,1,1
1639,1,1
6311,0,0
17650,1,1
15146,1,1
17325,1,1
16968,1,1
17465,0,0
7610,1,1
5160,1,1
5431,0,1
10970,1,1
14014,1,0
17554,1,1
17898,0,0
13205,1,1
11638,1,1
7990,1,1
7113,1,1
15617,1,1
16861,1,1
6056,1,1
1965,1,1
14109,0,0
4072,1,1
16423,0,0
1584,1,1
2025,0,0
9641,1,0
6724,1,1
5352,0,1
1215,1,1
16908,1,1
12904,1,1
8231,1,1
